x-axis,y_1,y_2
Hz,Cp,D 
1000.000000,3.718493E-11,2.135644E+03
1247.500000,2.704771E-11,2.353005E+03
1495.000000,2.871678E-11,1.849350E+03
1742.500000,2.796630E-11,1.629257E+03
1990.000000,2.821014E-11,1.414315E+03
2237.500000,2.823657E-11,1.256685E+03
2485.000000,2.801788E-11,1.140367E+03
2732.500000,2.802886E-11,1.036668E+03
2980.000000,2.826490E-11,9.426266E+02
3227.500000,1.177785E-12,2.089612E+04
3475.000000,5.235840E-12,4.365856E+03
3722.500000,8.411136E-12,2.537320E+03
3970.000000,8.353282E-12,2.395544E+03
4217.500000,1.027120E-11,1.833968E+03
4465.000000,1.094031E-11,1.626223E+03
4712.500000,1.130915E-11,1.490599E+03
4960.000000,1.345527E-11,1.190438E+03
5207.500000,1.243717E-11,1.226550E+03
5455.000000,1.379525E-11,1.055700E+03
5702.500000,1.424513E-11,9.779802E+02
5950.000000,1.552958E-11,8.598228E+02
6197.500000,1.496369E-11,8.566025E+02
6445.000000,1.563425E-11,7.884551E+02
6692.500000,1.572090E-11,7.550955E+02
6940.000000,1.614696E-11,7.089539E+02
7187.500000,1.649852E-11,6.699548E+02
7435.000000,1.759549E-11,6.072934E+02
7682.500000,1.681256E-11,6.150706E+02
7930.000000,2.103646E-11,4.750945E+02
8177.500000,1.972853E-11,4.923993E+02
8425.000000,1.987124E-11,4.745204E+02
8672.500000,2.055725E-11,4.456079E+02
8920.000000,2.042458E-11,4.360424E+02
9167.500000,2.089431E-11,4.147320E+02
9415.000000,2.086811E-11,4.043361E+02
9662.500000,2.129576E-11,3.860705E+02
9910.000000,2.178202E-11,3.680328E+02
10157.500000,2.086189E-11,3.745556E+02
10405.000000,2.120525E-11,3.596930E+02
10652.500000,2.204299E-11,3.379814E+02
10900.000000,2.210825E-11,3.293354E+02
11147.500000,2.168323E-11,3.283516E+02
11395.000000,2.222990E-11,3.133012E+02
11642.500000,2.187519E-11,3.115912E+02
11890.000000,2.149794E-11,3.104966E+02
12137.500000,2.199152E-11,2.973122E+02
12385.000000,2.261910E-11,2.833117E+02
12632.500000,2.212643E-11,2.839641E+02
12880.000000,2.190473E-11,2.813236E+02
13127.500000,2.235662E-11,2.704142E+02
13375.000000,2.213857E-11,2.680455E+02
13622.500000,2.242158E-11,2.598484E+02
13870.000000,2.229100E-11,2.566878E+02
14117.500000,2.192684E-11,2.563788E+02
14365.000000,2.259224E-11,2.445340E+02
14612.500000,2.287727E-11,2.373845E+02
14860.000000,2.307445E-11,2.314288E+02
15107.500000,2.244056E-11,2.340958E+02
15355.000000,2.245628E-11,2.301892E+02
15602.500000,2.282431E-11,2.228671E+02
15850.000000,2.223971E-11,2.251580E+02
16097.500000,2.247114E-11,2.194163E+02
16345.000000,2.250788E-11,2.157336E+02
16592.500000,2.292202E-11,2.086492E+02
16840.000000,2.284965E-11,2.062675E+02
17087.500000,2.261043E-11,2.054151E+02
17335.000000,2.240752E-11,2.043201E+02
17582.500000,2.302492E-11,1.960428E+02
17830.000000,2.309507E-11,1.927328E+02
18077.500000,2.280168E-11,1.925277E+02
18325.000000,2.296133E-11,1.886153E+02
18572.500000,2.300426E-11,1.857436E+02
18820.000000,2.305929E-11,1.828726E+02
19067.500000,2.294068E-11,1.814259E+02
19315.000000,2.279970E-11,1.802029E+02
19562.500000,2.325812E-11,1.744155E+02
19810.000000,2.325497E-11,1.722568E+02
20057.500000,2.300431E-11,1.719944E+02
20305.000000,2.327800E-11,1.678876E+02
20552.500000,2.330483E-11,1.656788E+02
20800.000000,2.308404E-11,1.652739E+02
21047.500000,2.351397E-11,1.603533E+02
21295.000000,2.344620E-11,1.589386E+02
21542.500000,2.316462E-11,1.590234E+02
21790.000000,2.343190E-11,1.554100E+02
22037.500000,2.355108E-11,1.528888E+02
22285.000000,2.381072E-11,1.495471E+02
22532.500000,2.355934E-11,1.494798E+02
22780.000000,2.373409E-11,1.467611E+02
23027.500000,2.361898E-11,1.459010E+02
23275.000000,2.347185E-11,1.452436E+02
23522.500000,2.342313E-11,1.440146E+02
23770.000000,2.369619E-11,1.408684E+02
24017.500000,2.370564E-11,1.393594E+02
24265.000000,2.384067E-11,1.371646E+02
24512.500000,2.391329E-11,1.353635E+02
24760.000000,2.407646E-11,1.331036E+02
25007.500000,2.391967E-11,1.326498E+02
25255.000000,2.402825E-11,1.307537E+02
25502.500000,2.406612E-11,1.292857E+02
25750.000000,2.403518E-11,1.281953E+02
25997.500000,2.420716E-11,1.260767E+02
26245.000000,2.414601E-11,1.252094E+02
26492.500000,2.430071E-11,1.232435E+02
26740.000000,2.431533E-11,1.220277E+02
26987.500000,2.429257E-11,1.210270E+02
27235.000000,2.449054E-11,1.189576E+02
27482.500000,2.455294E-11,1.175796E+02
27730.000000,2.458653E-11,1.163746E+02
27977.500000,2.433068E-11,1.165588E+02
28225.000000,2.477831E-11,1.134533E+02
28472.500000,2.476693E-11,1.125146E+02
28720.000000,2.474878E-11,1.116247E+02
28967.500000,2.450108E-11,1.117988E+02
29215.000000,2.480042E-11,1.095089E+02
29462.500000,2.475354E-11,1.088004E+02
29710.000000,2.476486E-11,1.078396E+02
29957.500000,2.486609E-11,1.064965E+02
30205.000000,2.324684E-11,1.129884E+02
30452.500000,2.326466E-11,1.119703E+02
30700.000000,2.332931E-11,1.107764E+02
30947.500000,2.331743E-11,1.099451E+02
31195.000000,2.340794E-11,1.086590E+02
31442.500000,2.357831E-11,1.070061E+02
31690.000000,2.334362E-11,1.072453E+02
31937.500000,2.341067E-11,1.061143E+02
32185.000000,2.361328E-11,1.043882E+02
32432.500000,2.350020E-11,1.040967E+02
32680.000000,2.371744E-11,1.023575E+02
32927.500000,2.362274E-11,1.019916E+02
33175.000000,2.343520E-11,1.020353E+02
33422.500000,2.349865E-11,1.010183E+02
33670.000000,2.370714E-11,9.938927E+01
33917.500000,2.363973E-11,9.894800E+01
34165.000000,2.390710E-11,9.713179E+01
34412.500000,2.376212E-11,9.702196E+01
34660.000000,2.378875E-11,9.622012E+01
34907.500000,2.388006E-11,9.517968E+01
35155.000000,2.386295E-11,9.457238E+01
35402.500000,2.381067E-11,9.411828E+01
35650.000000,2.387708E-11,9.320258E+01
35897.500000,2.392739E-11,9.236600E+01
36145.000000,2.401590E-11,9.139716E+01
36392.500000,2.398839E-11,9.087438E+01
36640.000000,2.399705E-11,9.023376E+01
36887.500000,2.419365E-11,8.889642E+01
37135.000000,2.401763E-11,8.895239E+01
37382.500000,2.408115E-11,8.813028E+01
37630.000000,2.405885E-11,8.762731E+01
37877.500000,2.403854E-11,8.713435E+01
38125.000000,2.422458E-11,8.589914E+01
38372.500000,2.417278E-11,8.552911E+01
38620.000000,2.415982E-11,8.502514E+01
38867.500000,2.425062E-11,8.416759E+01
39115.000000,2.420387E-11,8.380180E+01
39362.500000,2.426964E-11,8.304718E+01
39610.000000,2.433298E-11,8.230975E+01
39857.500000,2.423660E-11,8.212734E+01
40105.000000,2.444662E-11,8.091990E+01
40352.500000,2.432262E-11,8.083344E+01
40600.000000,2.436541E-11,8.019656E+01
40847.500000,2.438406E-11,7.964907E+01
41095.000000,2.453253E-11,7.868930E+01
41342.500000,2.441108E-11,7.861066E+01
41590.000000,2.439122E-11,7.819968E+01
41837.500000,2.449375E-11,7.741757E+01
42085.000000,2.448775E-11,7.698229E+01
42332.500000,2.457992E-11,7.624091E+01
42580.000000,2.457704E-11,7.580659E+01
42827.500000,2.455089E-11,7.544852E+01
43075.000000,2.466281E-11,7.467788E+01
43322.500000,2.466027E-11,7.425764E+01
43570.000000,2.467567E-11,7.379477E+01
43817.500000,2.467739E-11,7.336391E+01
44065.000000,2.473878E-11,7.277301E+01
44312.500000,2.461203E-11,7.274094E+01
44560.000000,2.479673E-11,7.179370E+01
44807.500000,2.484044E-11,7.127866E+01
45055.000000,2.483362E-11,7.090756E+01
45302.500000,2.478029E-11,7.066756E+01
45550.000000,2.475094E-11,7.036731E+01
45797.500000,2.487984E-11,6.962331E+01
46045.000000,2.481173E-11,6.944139E+01
46292.500000,2.485253E-11,6.895790E+01
46540.000000,2.490824E-11,6.843330E+01
46787.500000,2.489317E-11,6.811877E+01
47035.000000,2.488931E-11,6.776979E+01
47282.500000,2.497584E-11,6.718007E+01
47530.000000,2.490261E-11,6.702457E+01
47777.500000,2.495550E-11,6.654134E+01
48025.000000,2.495316E-11,6.619765E+01
48272.500000,2.489168E-11,6.602339E+01
48520.000000,2.486253E-11,6.576340E+01
48767.500000,2.499844E-11,6.507801E+01
49015.000000,2.497848E-11,6.479458E+01
49262.500000,2.502511E-11,6.435043E+01
49510.000000,2.497408E-11,6.416206E+01
49757.500000,2.501188E-11,6.374601E+01
50005.000000,2.503786E-11,6.336642E+01
50252.500000,2.496788E-11,6.322758E+01
50500.000000,2.506337E-11,6.267930E+01
50747.500000,2.513714E-11,6.219028E+01
50995.000000,2.507587E-11,6.203921E+01
51242.500000,2.501844E-11,6.188208E+01
51490.000000,2.508314E-11,6.142314E+01
51737.500000,2.514953E-11,6.097086E+01
51985.000000,2.518052E-11,6.060175E+01
52232.500000,2.519644E-11,6.027920E+01
52480.000000,2.520568E-11,5.997407E+01
52727.500000,2.517372E-11,5.976888E+01
52975.000000,2.521816E-11,5.938283E+01
53222.500000,2.521212E-11,5.912088E+01
53470.000000,2.526647E-11,5.872406E+01
53717.500000,2.517328E-11,5.866645E+01
53965.000000,2.523281E-11,5.825791E+01
54212.500000,2.521969E-11,5.802537E+01
54460.000000,2.528543E-11,5.761089E+01
54707.500000,2.525148E-11,5.742646E+01
54955.000000,2.526942E-11,5.712547E+01
55202.500000,2.527524E-11,5.685815E+01
55450.000000,2.531750E-11,5.650940E+01
55697.500000,2.523848E-11,5.643271E+01
55945.000000,2.528830E-11,5.607445E+01
56192.500000,2.535823E-11,5.567568E+01
56440.000000,2.527241E-11,5.561741E+01
56687.500000,2.535611E-11,5.518908E+01
56935.000000,2.536579E-11,5.492984E+01
57182.500000,2.534077E-11,5.474566E+01
57430.000000,2.535083E-11,5.448953E+01
57677.500000,2.534159E-11,5.427392E+01
57925.000000,2.537417E-11,5.397526E+01
58172.500000,2.542438E-11,5.363845E+01
58420.000000,2.548994E-11,5.326979E+01
58667.500000,2.545734E-11,5.311705E+01
58915.000000,2.546247E-11,5.287977E+01
59162.500000,2.548124E-11,5.262295E+01
59410.000000,2.549526E-11,5.237337E+01
59657.500000,2.556634E-11,5.200780E+01
59905.000000,2.531691E-11,5.230809E+01
60152.500000,2.545041E-11,5.181491E+01
60400.000000,2.553850E-11,5.142910E+01
60647.500000,2.560272E-11,5.109291E+01
60895.000000,2.550429E-11,5.108088E+01
61142.500000,2.553287E-11,5.081487E+01
61390.000000,2.547589E-11,5.072231E+01
61637.500000,2.559238E-11,5.029078E+01
61885.000000,2.556467E-11,5.014385E+01
62132.500000,2.558175E-11,4.991008E+01
62380.000000,2.554578E-11,4.978057E+01
62627.500000,2.559416E-11,4.949177E+01
62875.000000,2.554595E-11,4.938856E+01
63122.500000,2.559913E-11,4.909417E+01
63370.000000,2.556239E-11,4.897506E+01
63617.500000,2.564316E-11,4.862758E+01
63865.000000,2.553018E-11,4.865755E+01
64112.500000,2.558682E-11,4.835879E+01
64360.000000,2.565751E-11,4.804020E+01
64607.500000,2.568892E-11,4.779724E+01
64855.000000,2.563174E-11,4.772309E+01
65102.500000,2.564494E-11,4.751651E+01
65350.000000,2.564230E-11,4.734146E+01
65597.500000,2.565335E-11,4.714329E+01
65845.000000,2.566390E-11,4.694532E+01
66092.500000,2.566646E-11,4.676496E+01
66340.000000,2.567950E-11,4.656566E+01
66587.500000,2.567613E-11,4.640004E+01
66835.000000,2.574434E-11,4.610500E+01
67082.500000,2.573354E-11,4.595526E+01
67330.000000,2.567657E-11,4.588659E+01
67577.500000,2.567616E-11,4.572098E+01
67825.000000,2.577043E-11,4.538643E+01
68072.500000,2.572118E-11,4.530748E+01
68320.000000,2.574924E-11,4.509385E+01
68567.500000,2.573306E-11,4.496096E+01
68815.000000,2.573314E-11,4.479815E+01
69062.500000,2.576346E-11,4.458478E+01
69310.000000,2.575063E-11,4.444847E+01
69557.500000,2.581790E-11,4.417444E+01
69805.000000,2.579429E-11,4.405818E+01
70052.500000,2.582183E-11,4.385547E+01
70300.000000,2.577989E-11,4.377289E+01
70547.500000,2.576509E-11,4.364442E+01
70795.000000,2.575533E-11,4.350794E+01
71042.500000,2.577570E-11,4.332275E+01
71290.000000,2.582067E-11,4.309633E+01
71537.500000,2.577578E-11,4.302182E+01
71785.000000,2.580017E-11,4.283350E+01
72032.500000,2.585009E-11,4.260295E+01
72280.000000,2.583510E-11,4.248281E+01
72527.500000,2.590663E-11,4.222165E+01
72775.000000,2.582373E-11,4.221214E+01
73022.500000,2.585902E-11,4.201241E+01
73270.000000,2.587181E-11,4.184897E+01
73517.500000,2.582751E-11,4.178191E+01
73765.000000,2.582882E-11,4.163683E+01
74012.500000,2.584692E-11,4.147037E+01
74260.000000,2.589421E-11,4.125647E+01
74507.500000,2.587990E-11,4.114119E+01
74755.000000,2.590274E-11,4.096880E+01
75002.500000,2.591277E-11,4.081721E+01
75250.000000,2.595349E-11,4.061985E+01
75497.500000,2.588856E-11,4.058907E+01
75745.000000,2.595033E-11,4.035885E+01
75992.500000,2.593252E-11,4.025523E+01
76240.000000,2.591895E-11,4.014601E+01
76487.500000,2.595956E-11,3.995287E+01
76735.000000,2.598017E-11,3.979500E+01
76982.500000,2.592859E-11,3.974353E+01
77230.000000,2.600508E-11,3.950053E+01
77477.500000,2.594572E-11,3.946326E+01
77725.000000,2.599687E-11,3.926039E+01
77972.500000,2.597992E-11,3.916037E+01
78220.000000,2.596502E-11,3.905951E+01
78467.500000,2.600375E-11,3.887686E+01
78715.000000,2.598128E-11,3.879032E+01
78962.500000,2.595981E-11,3.870002E+01
79210.000000,2.598981E-11,3.853378E+01
79457.500000,2.605789E-11,3.831505E+01
79705.000000,2.602614E-11,3.824298E+01
79952.500000,2.603612E-11,3.810976E+01
80200.000000,2.606482E-11,3.794944E+01
80447.500000,2.608714E-11,3.780085E+01
80695.000000,2.606259E-11,3.772002E+01
80942.500000,2.603464E-11,3.764515E+01
81190.000000,2.604686E-11,3.751376E+01
81437.500000,2.607997E-11,3.735268E+01
81685.000000,2.606350E-11,3.726146E+01
81932.500000,2.605212E-11,3.716417E+01
82180.000000,2.609131E-11,3.699688E+01
82427.500000,2.604869E-11,3.694693E+01
82675.000000,2.607936E-11,3.679233E+01
82922.500000,2.609078E-11,3.666624E+01
83170.000000,2.608089E-11,3.657110E+01
83417.500000,2.608084E-11,3.646321E+01
83665.000000,2.609268E-11,3.633875E+01
83912.500000,2.612128E-11,3.619063E+01
84160.000000,2.609071E-11,3.612933E+01
84407.500000,2.615279E-11,3.593578E+01
84655.000000,2.613322E-11,3.585722E+01
84902.500000,2.613606E-11,3.575067E+01
85150.000000,2.611514E-11,3.567557E+01
85397.500000,2.613843E-11,3.554049E+01
85645.000000,2.613364E-11,3.544468E+01
85892.500000,2.614954E-11,3.532138E+01
86140.000000,2.614802E-11,3.521973E+01
86387.500000,2.615690E-11,3.510802E+01
86635.000000,2.613134E-11,3.504164E+01
86882.500000,2.618000E-11,3.487698E+01
87130.000000,2.616867E-11,3.479356E+01
87377.500000,2.615803E-11,3.470826E+01
87625.000000,2.617828E-11,3.458364E+01
87872.500000,2.618411E-11,3.447832E+01
88120.000000,2.617278E-11,3.439523E+01
88367.500000,2.623815E-11,3.421373E+01
88615.000000,2.623738E-11,3.412063E+01
88862.500000,2.618940E-11,3.408472E+01
89110.000000,2.624665E-11,3.391740E+01
89357.500000,2.620406E-11,3.387893E+01
89605.000000,2.621814E-11,3.376689E+01
89852.500000,2.620715E-11,3.368931E+01
90100.000000,2.619941E-11,3.360665E+01
90347.500000,2.625537E-11,3.344236E+01
90595.000000,2.622576E-11,3.338812E+01
90842.500000,2.621536E-11,3.331050E+01
91090.000000,2.624540E-11,3.318203E+01
91337.500000,2.623402E-11,3.310686E+01
91585.000000,2.624731E-11,3.300064E+01
91832.500000,2.627023E-11,3.288359E+01
92080.000000,2.627037E-11,3.279314E+01
92327.500000,2.624439E-11,3.273955E+01
92575.000000,2.626896E-11,3.262028E+01
92822.500000,2.626107E-11,3.254255E+01
93070.000000,2.628520E-11,3.242719E+01
93317.500000,2.626526E-11,3.236574E+01
93565.000000,2.628755E-11,3.225170E+01
93812.500000,2.630435E-11,3.214707E+01
94060.000000,2.629097E-11,3.207748E+01
94307.500000,2.630493E-11,3.197791E+01
94555.000000,2.628833E-11,3.191546E+01
94802.500000,2.630571E-11,3.180990E+01
95050.000000,2.629525E-11,3.173893E+01
95297.500000,2.632563E-11,3.162082E+01
95545.000000,2.629171E-11,3.157972E+01
95792.500000,2.633625E-11,3.144366E+01
96040.000000,2.631783E-11,3.138537E+01
96287.500000,2.631016E-11,3.131324E+01
96535.000000,2.636270E-11,3.116996E+01
96782.500000,2.633885E-11,3.111980E+01
97030.000000,2.627980E-11,3.111001E+01
97277.500000,2.634503E-11,3.095330E+01
97525.000000,2.634678E-11,3.087321E+01
97772.500000,2.634884E-11,3.079343E+01
98020.000000,2.635068E-11,3.071234E+01
98267.500000,2.637769E-11,3.060530E+01
98515.000000,2.634617E-11,3.056362E+01
98762.500000,2.637356E-11,3.045490E+01
99010.000000,2.634642E-11,3.041070E+01
99257.500000,2.637636E-11,3.030203E+01
99505.000000,2.638858E-11,3.021152E+01
99752.500000,2.637547E-11,3.015138E+01
100000.000000,2.636672E-11,3.008777E+01
50623.750000,2.508648E-11,6.247082E+01
50747.500000,2.507167E-11,6.235404E+01
50871.250000,2.511725E-11,6.209127E+01
50995.000000,2.518541E-11,6.177022E+01
51118.750000,2.509238E-11,6.184761E+01
51242.500000,2.502101E-11,6.187758E+01
51366.250000,2.508699E-11,6.156260E+01
51490.000000,2.510713E-11,6.136722E+01
51613.750000,2.517019E-11,6.106584E+01
51737.500000,2.513714E-11,6.099719E+01
51861.250000,2.508163E-11,6.098991E+01
51985.000000,2.511688E-11,6.075937E+01
52108.750000,2.518039E-11,6.046236E+01
52232.500000,2.519042E-11,6.029473E+01
52356.250000,2.510638E-11,6.035182E+01
52480.000000,2.518884E-11,6.001384E+01
52603.750000,2.510566E-11,6.006898E+01
52727.500000,2.521303E-11,5.967479E+01
52851.250000,2.515746E-11,5.966692E+01
52975.000000,2.517823E-11,5.947844E+01
53098.750000,2.527057E-11,5.912493E+01
53222.500000,2.518382E-11,5.918591E+01
53346.250000,2.519648E-11,5.901978E+01
53470.000000,2.514072E-11,5.901438E+01
53593.750000,2.523461E-11,5.865963E+01
53717.500000,2.520411E-11,5.859150E+01
53841.250000,2.523218E-11,5.839543E+01
53965.000000,2.521994E-11,5.828828E+01
54088.750000,2.525858E-11,5.806947E+01
54212.500000,2.522286E-11,5.801647E+01
54336.250000,2.519693E-11,5.794281E+01
54460.000000,2.527834E-11,5.762412E+01
54583.750000,2.528085E-11,5.748939E+01
54707.500000,2.529656E-11,5.732347E+01
54831.250000,2.523059E-11,5.734554E+01
54955.000000,2.527241E-11,5.712118E+01
55078.750000,2.524351E-11,5.705720E+01
55202.500000,2.528025E-11,5.684628E+01
55326.250000,2.525099E-11,5.678500E+01
55450.000000,2.527892E-11,5.659635E+01
55573.750000,2.530043E-11,5.642145E+01
55697.500000,2.533470E-11,5.622084E+01
55821.250000,2.534897E-11,5.606478E+01
55945.000000,2.532657E-11,5.599038E+01
56068.750000,2.534099E-11,5.583482E+01
56192.500000,2.528597E-11,5.583333E+01
56316.250000,2.534226E-11,5.558649E+01
56440.000000,2.533307E-11,5.548513E+01
56563.750000,2.534825E-11,5.533033E+01
56687.500000,2.538388E-11,5.513174E+01
56811.250000,2.530747E-11,5.517667E+01
56935.000000,2.534195E-11,5.498308E+01
57058.750000,2.536696E-11,5.480870E+01
57182.500000,2.538803E-11,5.464336E+01
57306.250000,2.530123E-11,5.471611E+01
57430.000000,2.534922E-11,5.449304E+01
57553.750000,2.536376E-11,5.434715E+01
57677.500000,2.537853E-11,5.419735E+01
57801.250000,2.530150E-11,5.424656E+01
57925.000000,2.534502E-11,5.403559E+01
58048.750000,2.540511E-11,5.379314E+01
58172.500000,2.540489E-11,5.367938E+01
58296.250000,2.534357E-11,5.370006E+01
58420.000000,2.544927E-11,5.336025E+01
58543.750000,2.532044E-11,5.351826E+01
58667.500000,2.547541E-11,5.308028E+01
58791.250000,2.534755E-11,5.323397E+01
58915.000000,2.532798E-11,5.316408E+01
59038.750000,2.542754E-11,5.284406E+01
59162.500000,2.542674E-11,5.273634E+01
59286.250000,2.539095E-11,5.270062E+01
59410.000000,2.543589E-11,5.249845E+01
59533.750000,2.541624E-11,5.242785E+01
59657.500000,2.538048E-11,5.239219E+01
59781.250000,2.550090E-11,5.203792E+01
59905.000000,2.543294E-11,5.207011E+01
60028.750000,2.559274E-11,5.163902E+01
60152.500000,2.550692E-11,5.169859E+01
60276.250000,2.552403E-11,5.156406E+01
60400.000000,2.544485E-11,5.162227E+01
60523.750000,2.545125E-11,5.150549E+01
60647.500000,2.565590E-11,5.097632E+01
60771.250000,2.551425E-11,5.116602E+01
60895.000000,2.551113E-11,5.106331E+01
61018.750000,2.554625E-11,5.089140E+01
61142.500000,2.550878E-11,5.086512E+01
61266.250000,2.542277E-11,5.093092E+01
61390.000000,2.551296E-11,5.065132E+01
61513.750000,2.560803E-11,5.035740E+01
61637.500000,2.553330E-11,5.040655E+01
61761.250000,2.559056E-11,5.019442E+01
61885.000000,2.557554E-11,5.012210E+01
62008.750000,2.560126E-11,4.997274E+01
62132.500000,2.549618E-11,5.007827E+01
62256.250000,2.559410E-11,4.978681E+01
62380.000000,2.548319E-11,4.990414E+01
62503.750000,2.562751E-11,4.952912E+01
62627.500000,2.562743E-11,4.942903E+01
62751.250000,2.550333E-11,4.957019E+01
62875.000000,2.559333E-11,4.929982E+01
62998.750000,2.546427E-11,4.945122E+01
63122.500000,2.558138E-11,4.912832E+01
63246.250000,2.559661E-11,4.900402E+01
63370.000000,2.554986E-11,4.899744E+01
63493.750000,2.561604E-11,4.877596E+01
63617.500000,2.558018E-11,4.874819E+01
63741.250000,2.558897E-11,4.863846E+01
63865.000000,2.559826E-11,4.852861E+01
63988.750000,2.560559E-11,4.841890E+01
64112.500000,2.563121E-11,4.827317E+01
64236.250000,2.569800E-11,4.805704E+01
64360.000000,2.564917E-11,4.805656E+01
64483.750000,2.565237E-11,4.795942E+01
64607.500000,2.564573E-11,4.787988E+01
64731.250000,2.563334E-11,4.781242E+01
64855.000000,2.559453E-11,4.779275E+01
64978.750000,2.562602E-11,4.764076E+01
65102.500000,2.562382E-11,4.755720E+01
65226.250000,2.569535E-11,4.733529E+01
65350.000000,2.560722E-11,4.740756E+01
65473.750000,2.561571E-11,4.729957E+01
65597.500000,2.563836E-11,4.717200E+01
65721.250000,2.565988E-11,4.704238E+01
65845.000000,2.568180E-11,4.691371E+01
65968.750000,2.565287E-11,4.687770E+01
66092.500000,2.565687E-11,4.678117E+01
66216.250000,2.566833E-11,4.667737E+01
66340.000000,2.569391E-11,4.654208E+01
66463.750000,2.573827E-11,4.637348E+01
66587.500000,2.567890E-11,4.639476E+01
66711.250000,2.566553E-11,4.633331E+01
66835.000000,2.568993E-11,4.620406E+01
66958.750000,2.567718E-11,4.614204E+01
67082.500000,2.568081E-11,4.605043E+01
67206.250000,2.575574E-11,4.583231E+01
67330.000000,2.571006E-11,4.582824E+01
67453.750000,2.574200E-11,4.568737E+01
67577.500000,2.574193E-11,4.560323E+01
67701.250000,2.577092E-11,4.546905E+01
67825.000000,2.575864E-11,4.540727E+01
67948.750000,2.571380E-11,4.540467E+01
68072.500000,2.572677E-11,4.529778E+01
68196.250000,2.571257E-11,4.524310E+01
68320.000000,2.571243E-11,4.515985E+01
68443.750000,2.576358E-11,4.498922E+01
68567.500000,2.569612E-11,4.502525E+01
68691.250000,2.576693E-11,4.482199E+01
68815.000000,2.576920E-11,4.473776E+01
68938.750000,2.572298E-11,4.473716E+01
69062.500000,2.581609E-11,4.449419E+01
69186.250000,2.574274E-11,4.454200E+01
69310.000000,2.577024E-11,4.441568E+01
69433.750000,2.580107E-11,4.428102E+01
69557.500000,2.578049E-11,4.424025E+01
69681.250000,2.578909E-11,4.414436E+01
69805.000000,2.572425E-11,4.418127E+01
69928.750000,2.577429E-11,4.401564E+01
70052.500000,2.577908E-11,4.392945E+01
70176.250000,2.577234E-11,4.386385E+01
70300.000000,2.577799E-11,4.377589E+01
70423.750000,2.580369E-11,4.365700E+01
70547.500000,2.581295E-11,4.356305E+01
70671.250000,2.578278E-11,4.353725E+01
70795.000000,2.578286E-11,4.346308E+01
70918.750000,2.579544E-11,4.336302E+01
71042.500000,2.577438E-11,4.332585E+01
71166.250000,2.586874E-11,4.309230E+01
71290.000000,2.580440E-11,4.312409E+01
71413.750000,2.582667E-11,4.301146E+01
71537.500000,2.581304E-11,4.296096E+01
71661.250000,2.588043E-11,4.277364E+01
71785.000000,2.582604E-11,4.279238E+01
71908.750000,2.583381E-11,4.270301E+01
72032.500000,2.581490E-11,4.266337E+01
72156.250000,2.585437E-11,4.252415E+01
72280.000000,2.589516E-11,4.238497E+01
72403.750000,2.586313E-11,4.236591E+01
72527.500000,2.584107E-11,4.232775E+01
72651.250000,2.583810E-11,4.225982E+01
72775.000000,2.589854E-11,4.209034E+01
72898.750000,2.588242E-11,4.204632E+01
73022.500000,2.587059E-11,4.199372E+01
73146.250000,2.588737E-11,4.189532E+01
73270.000000,2.587210E-11,4.184993E+01
73393.750000,2.582737E-11,4.184921E+01
73517.500000,2.583272E-11,4.177071E+01
73641.250000,2.593078E-11,4.154259E+01
73765.000000,2.594306E-11,4.145401E+01
73888.750000,2.586397E-11,4.151039E+01
74012.500000,2.595105E-11,4.130318E+01
74136.250000,2.588755E-11,4.133486E+01
74260.000000,2.590396E-11,4.123954E+01
74383.750000,2.585029E-11,4.125663E+01
74507.500000,2.589247E-11,4.112084E+01
74631.250000,2.589592E-11,4.104880E+01
74755.000000,2.592725E-11,4.093068E+01
74878.750000,2.591165E-11,4.088638E+01
75002.500000,2.592404E-11,4.080045E+01
75126.250000,2.590716E-11,4.075825E+01
75250.000000,2.590675E-11,4.069523E+01
75373.750000,2.589384E-11,4.064869E+01
75497.500000,2.591287E-11,4.054827E+01
75621.250000,2.594348E-11,4.043567E+01
75745.000000,2.595208E-11,4.035638E+01
75868.750000,2.593130E-11,4.032328E+01
75992.500000,2.594010E-11,4.024411E+01
76116.250000,2.595281E-11,4.015654E+01
76240.000000,2.598099E-11,4.005139E+01
76363.750000,2.593109E-11,4.006136E+01
76487.500000,2.593856E-11,3.998594E+01
76611.250000,2.595837E-11,3.989151E+01
76735.000000,2.596274E-11,3.981936E+01
76858.750000,2.594223E-11,3.978888E+01
76982.500000,2.594720E-11,3.971564E+01
77106.250000,2.597287E-11,3.961139E+01
77230.000000,2.598415E-11,3.953223E+01
77353.750000,2.600037E-11,3.944435E+01
77477.500000,2.593287E-11,3.948404E+01
77601.250000,2.598144E-11,3.934841E+01
77725.000000,2.599026E-11,3.927102E+01
77848.750000,2.597990E-11,3.922485E+01
77972.500000,2.598521E-11,3.915269E+01
78096.250000,2.595642E-11,3.913705E+01
78220.000000,2.599591E-11,3.901332E+01
78343.750000,2.596010E-11,3.900630E+01
78467.500000,2.602375E-11,3.885001E+01
78591.250000,2.600786E-11,3.881142E+01
78715.000000,2.599618E-11,3.876733E+01
78838.750000,2.600051E-11,3.869924E+01
78962.500000,2.603836E-11,3.858339E+01
79086.250000,2.599015E-11,3.859505E+01
79210.000000,2.598491E-11,3.854249E+01
79333.750000,2.597513E-11,3.849622E+01
79457.500000,2.602044E-11,3.836939E+01
79581.250000,2.598812E-11,3.835806E+01
79705.000000,2.605814E-11,3.819687E+01
79828.750000,2.605795E-11,3.813682E+01
79952.500000,2.600977E-11,3.814906E+01
80076.250000,2.600394E-11,3.809746E+01
80200.000000,2.605641E-11,3.796166E+01
80323.750000,2.605051E-11,3.791176E+01
80447.500000,2.608266E-11,3.780766E+01
80571.250000,2.606310E-11,3.777798E+01
80695.000000,2.602615E-11,3.777346E+01
80818.750000,2.605831E-11,3.766957E+01
80942.500000,2.605522E-11,3.761634E+01
81066.250000,2.604219E-11,3.757777E+01
81190.000000,2.604357E-11,3.751934E+01
81313.750000,2.607073E-11,3.742197E+01
81437.500000,2.607647E-11,3.735771E+01
81561.250000,2.605954E-11,3.732497E+01
81685.000000,2.606247E-11,3.726302E+01
81808.750000,2.607517E-11,3.718978E+01
81932.500000,2.608419E-11,3.712064E+01
82056.250000,2.611471E-11,3.701960E+01
82180.000000,2.610322E-11,3.698233E+01
82303.750000,2.608263E-11,3.695479E+01
82427.500000,2.606913E-11,3.691878E+01
82551.250000,2.606969E-11,3.686394E+01
82675.000000,2.613520E-11,3.671465E+01
82798.750000,2.608337E-11,3.673369E+01
82922.500000,2.607070E-11,3.669434E+01
83046.250000,2.608398E-11,3.662248E+01
83170.000000,2.608950E-11,3.656011E+01
83293.750000,2.610419E-11,3.648407E+01
83417.500000,2.608147E-11,3.646259E+01
83541.250000,2.609924E-11,3.638359E+01
83665.000000,2.611042E-11,3.631442E+01
83788.750000,2.610425E-11,3.626986E+01
83912.500000,2.609767E-11,3.622515E+01
84036.250000,2.610707E-11,3.616043E+01
84160.000000,2.612934E-11,3.607521E+01
84283.750000,2.614228E-11,3.600431E+01
84407.500000,2.614018E-11,3.595387E+01
84531.250000,2.608792E-11,3.597387E+01
84655.000000,2.611025E-11,3.589008E+01
84778.750000,2.613734E-11,3.580092E+01
84902.500000,2.612265E-11,3.576797E+01
85026.250000,2.614497E-11,3.568646E+01
85150.000000,2.612741E-11,3.565884E+01
85273.750000,2.614615E-11,3.558105E+01
85397.500000,2.612679E-11,3.555563E+01
85521.250000,2.612329E-11,3.550957E+01
85645.000000,2.614446E-11,3.542925E+01
85768.750000,2.616406E-11,3.535125E+01
85892.500000,2.618005E-11,3.527995E+01
86016.250000,2.611971E-11,3.530979E+01
86140.000000,2.615323E-11,3.521381E+01
86263.750000,2.616656E-11,3.514511E+01
86387.500000,2.617207E-11,3.508775E+01
86511.250000,2.616712E-11,3.504317E+01
86635.000000,2.617487E-11,3.498320E+01
86758.750000,2.613138E-11,3.499067E+01
86882.500000,2.613359E-11,3.494078E+01
87006.250000,2.617226E-11,3.483764E+01
87130.000000,2.615497E-11,3.481204E+01
87253.750000,2.617752E-11,3.473241E+01
87377.500000,2.618474E-11,3.467467E+01
87501.250000,2.614037E-11,3.468353E+01
87625.000000,2.620197E-11,3.455299E+01
87748.750000,2.621231E-11,3.449021E+01
87872.500000,2.613946E-11,3.453859E+01
87996.250000,2.620425E-11,3.440447E+01
88120.000000,2.617289E-11,3.439695E+01
88243.750000,2.621995E-11,3.428598E+01
88367.500000,2.620862E-11,3.425446E+01
88491.250000,2.618641E-11,3.423355E+01
88615.000000,2.617447E-11,3.420188E+01
88738.750000,2.618777E-11,3.413673E+01
88862.500000,2.619274E-11,3.408351E+01
88986.250000,2.624858E-11,3.396359E+01
89110.000000,2.616193E-11,3.402845E+01
89233.750000,2.621323E-11,3.391534E+01
89357.500000,2.621132E-11,3.386951E+01
89481.250000,2.620002E-11,3.383845E+01
89605.000000,2.621869E-11,3.376826E+01
89728.750000,2.622408E-11,3.371384E+01
89852.500000,2.621971E-11,3.367497E+01
89976.250000,2.618622E-11,3.366906E+01
90100.000000,2.621076E-11,3.359052E+01
90223.750000,2.621630E-11,3.353911E+01
90347.500000,2.624617E-11,3.345513E+01
90471.250000,2.620332E-11,3.346400E+01
90595.000000,2.621414E-11,3.340350E+01
90718.750000,2.624936E-11,3.331244E+01
90842.500000,2.622201E-11,3.330237E+01
90966.250000,2.623397E-11,3.324276E+01
91090.000000,2.622151E-11,3.321311E+01
91213.750000,2.624768E-11,3.313533E+01
91337.500000,2.624236E-11,3.309774E+01
91461.250000,2.623653E-11,3.305998E+01
91585.000000,2.626802E-11,3.297631E+01
91708.750000,2.624194E-11,3.296333E+01
91832.500000,2.624173E-11,3.292004E+01
91956.250000,2.628499E-11,3.282053E+01
92080.000000,2.625231E-11,3.281702E+01
92203.750000,2.626454E-11,3.275820E+01
92327.500000,2.628094E-11,3.269411E+01
92451.250000,2.627655E-11,3.265539E+01
92575.000000,2.624055E-11,3.265615E+01
92698.750000,2.627957E-11,3.256440E+01
92822.500000,2.627188E-11,3.253133E+01
92946.250000,2.627329E-11,3.248578E+01
93070.000000,2.626560E-11,3.245255E+01
93193.750000,2.630756E-11,3.235633E+01
93317.500000,2.630086E-11,3.232329E+01
93441.250000,2.624878E-11,3.234386E+01
93565.000000,2.629140E-11,3.224894E+01
93688.750000,2.622899E-11,3.228279E+01
93812.500000,2.627428E-11,3.218415E+01
93936.250000,2.628771E-11,3.212560E+01
94060.000000,2.628039E-11,3.209246E+01
94183.750000,2.627285E-11,3.205874E+01
94307.500000,2.630070E-11,3.198384E+01
94431.250000,2.628556E-11,3.195911E+01
94555.000000,2.629358E-11,3.190783E+01
94678.750000,2.631428E-11,3.184156E+01
94802.500000,2.630255E-11,3.181366E+01
94926.250000,2.630713E-11,3.176724E+01
95050.000000,2.627076E-11,3.176928E+01
95173.750000,2.631305E-11,3.167750E+01
95297.500000,2.632604E-11,3.162117E+01
95421.250000,2.632563E-11,3.157959E+01
95545.000000,2.631316E-11,3.155309E+01
95668.750000,2.632286E-11,3.150111E+01
95792.500000,2.633246E-11,3.144887E+01
95916.250000,2.631094E-11,3.143438E+01
96040.000000,2.629964E-11,3.140617E+01
96163.750000,2.632233E-11,3.134076E+01
96287.500000,2.630307E-11,3.132274E+01
96411.250000,2.632498E-11,3.125488E+01
96535.000000,2.632254E-11,3.121956E+01
96658.750000,2.635184E-11,3.114400E+01
96782.500000,2.633070E-11,3.112900E+01
96906.250000,2.632209E-11,3.110014E+01
97030.000000,2.632993E-11,3.105168E+01
97153.750000,2.632749E-11,3.101509E+01
97277.500000,2.633675E-11,3.096418E+01
97401.250000,2.633220E-11,3.093089E+01
97525.000000,2.634654E-11,3.087509E+01
97648.750000,2.633496E-11,3.084846E+01
97772.500000,2.637479E-11,3.076245E+01
97896.250000,2.635296E-11,3.075049E+01
98020.000000,2.635336E-11,3.071048E+01
98143.750000,2.635316E-11,3.067115E+01
98267.500000,2.636925E-11,3.061493E+01
98391.250000,2.631998E-11,3.063239E+01
98515.000000,2.638581E-11,3.051761E+01
98638.750000,2.635439E-11,3.051660E+01
98762.500000,2.636628E-11,3.046475E+01
98886.250000,2.639577E-11,3.039266E+01
99010.000000,2.638014E-11,3.037161E+01
99133.750000,2.637143E-11,3.034322E+01
99257.500000,2.637762E-11,3.029817E+01
99381.250000,2.639891E-11,3.023760E+01
99505.000000,2.640181E-11,3.019658E+01
99628.750000,2.638562E-11,3.017652E+01
99752.500000,2.634687E-11,3.018474E+01
99876.250000,2.636193E-11,3.012943E+01
100000.000000,2.639037E-11,3.006005E+01
                                                                                                                                                                                                                                                                                                                                                                                                                                                                                                                                