Frequency,Z,?°;;;Frequency,Z,?°;;;Frequency,Z,?°;;;Frequency,Z,?°;;;Frequency,Z,?°
0.02 kHz,1.2642 m?,9.5866 °;;;0.02 kHz,6.2437 m?,-177.904 °;;;0.02 kHz,9.7802 m?,179.754 °;;;0.02 kHz,36.5698 m?,179.909 °;;;0.02 kHz,37.5386 m?,179.834 °
0.04 kHz,1.5173 m?,0.2395 °;;;0.04 kHz,6.3905 m?,179.551 °;;;0.04 kHz,9.745 m?,179.801 °;;;0.04 kHz,36.5797 m?,179.997 °;;;0.04 kHz,37.5401 m?,179.934 °
0.06 kHz,1.3466 m?,8.7278 °;;;0.06 kHz,6.6054 m?,178.039 °;;;0.06 kHz,9.9288 m?,179.071 °;;;0.06 kHz,36.6365 m?,179.655 °;;;0.06 kHz,37.5907 m?,179.413 °
0.08 kHz,1.3305 m?,6.4839 °;;;0.08 kHz,6.6035 m?,179.02 °;;;0.08 kHz,9.916 m?,179.541 °;;;0.08 kHz,36.6229 m?,-179.988 °;;;0.08 kHz,37.5483 m?,179.694 °
0.1 kHz,1.4648 m?,5.2806 °;;;0.1 kHz,6.516 m?,178.845 °;;;0.1 kHz,9.8126 m?,179.812 °;;;0.1 kHz,36.5635 m?,-179.995 °;;;0.1 kHz,37.4182 m?,179.641 °
0.12 kHz,1.5082 m?,3.2491 °;;;0.12 kHz,6.5263 m?,179.17 °;;;0.12 kHz,9.7935 m?,179.907 °;;;0.12 kHz,36.4858 m?,-179.871 °;;;0.12 kHz,37.5184 m?,179.603 °
0.14 kHz,2.1489 m?,7.9228 °;;;0.14 kHz,6.0155 m?,176.47 °;;;0.14 kHz,9.2436 m?,178.741 °;;;0.14 kHz,35.8588 m?,179.812 °;;;0.14 kHz,36.7847 m?,179.377 °
0.16 kHz,2.4713 m?,12.6986 °;;;0.16 kHz,5.6562 m?,176.262 °;;;0.16 kHz,9.1019 m?,178.708 °;;;0.16 kHz,35.6347 m?,179.668 °;;;0.16 kHz,36.9418 m?,178.76 °
0.18 kHz,1.8955 m?,12.3253 °;;;0.18 kHz,6.2414 m?,176.87 °;;;0.18 kHz,9.5478 m?,178.834 °;;;0.18 kHz,36.1108 m?,179.838 °;;;0.18 kHz,37.0531 m?,179.249 °
0.2 kHz,1.4847 m?,10.8871 °;;;0.2 kHz,6.6816 m?,178.202 °;;;0.2 kHz,9.9222 m?,179.46 °;;;0.2 kHz,36.5406 m?,-179.892 °;;;0.2 kHz,37.4776 m?,179.379 °
0.22 kHz,1.4227 m?,19.7731 °;;;0.22 kHz,6.7564 m?,177.091 °;;;0.22 kHz,10.0361 m?,178.867 °;;;0.22 kHz,36.623 m?,179.925 °;;;0.22 kHz,37.5986 m?,179.076 °
0.24 kHz,1.4138 m?,24.705 °;;;0.24 kHz,6.8672 m?,175.55 °;;;0.24 kHz,10.1313 m?,177.802 °;;;0.24 kHz,36.6802 m?,179.778 °;;;0.24 kHz,37.6406 m?,178.852 °
0.26 kHz,1.411 m?,25.59 °;;;0.26 kHz,6.8668 m?,175.788 °;;;0.26 kHz,10.1266 m?,178.145 °;;;0.26 kHz,36.6394 m?,179.824 °;;;0.26 kHz,37.6226 m?,178.796 °
0.28 kHz,1.4865 m?,19.5728 °;;;0.28 kHz,6.7757 m?,176.949 °;;;0.28 kHz,10.1044 m?,178.53 °;;;0.28 kHz,36.5315 m?,-179.954 °;;;0.28 kHz,37.5648 m?,178.943 °
0.3 kHz,1.4835 m?,14.0605 °;;;0.3 kHz,6.792 m?,178.038 °;;;0.3 kHz,10.0251 m?,179.474 °;;;0.3 kHz,36.5121 m?,179.966 °;;;0.3 kHz,37.524 m?,179.012 °
0.32 kHz,1.515 m?,17.0507 °;;;0.32 kHz,6.7576 m?,177.145 °;;;0.32 kHz,10.0074 m?,179.137 °;;;0.32 kHz,36.4481 m?,179.832 °;;;0.32 kHz,37.4531 m?,178.865 °
0.34 kHz,1.5259 m?,16.5867 °;;;0.34 kHz,6.7652 m?,177.124 °;;;0.34 kHz,10.0264 m?,179.098 °;;;0.34 kHz,36.4322 m?,179.817 °;;;0.34 kHz,37.4562 m?,178.913 °
0.36 kHz,1.5675 m?,17.251 °;;;0.36 kHz,6.8137 m?,177.086 °;;;0.36 kHz,10.0495 m?,179.4 °;;;0.36 kHz,36.4281 m?,179.854 °;;;0.36 kHz,37.4654 m?,178.892 °
0.38 kHz,1.5418 m?,17.1486 °;;;0.38 kHz,6.8601 m?,177.478 °;;;0.38 kHz,10.0617 m?,179.41 °;;;0.38 kHz,36.456 m?,179.936 °;;;0.38 kHz,37.4447 m?,178.765 °
0.4 kHz,1.5328 m?,17.3193 °;;;0.4 kHz,6.8898 m?,177.326 °;;;0.4 kHz,10.1069 m?,179.573 °;;;0.4 kHz,36.4212 m?,179.942 °;;;0.4 kHz,37.4687 m?,178.826 °
0.42 kHz,1.5473 m?,15.7463 °;;;0.42 kHz,6.8341 m?,177.312 °;;;0.42 kHz,10.1311 m?,179.532 °;;;0.42 kHz,36.4031 m?,179.927 °;;;0.42 kHz,37.3935 m?,178.639 °
0.44 kHz,1.4848 m?,20.8712 °;;;0.44 kHz,6.9006 m?,178.099 °;;;0.44 kHz,10.1105 m?,179.937 °;;;0.44 kHz,36.3607 m?,179.91 °;;;0.44 kHz,37.4664 m?,178.53 °
0.46 kHz,1.5779 m?,16.779 °;;;0.46 kHz,6.9141 m?,177.329 °;;;0.46 kHz,10.0677 m?,179.562 °;;;0.46 kHz,36.3571 m?,-179.991 °;;;0.46 kHz,37.4396 m?,178.701 °
0.48 kHz,1.516 m?,18.2936 °;;;0.48 kHz,6.8636 m?,177.528 °;;;0.48 kHz,10.1335 m?,179.713 °;;;0.48 kHz,36.3794 m?,179.998 °;;;0.48 kHz,37.4007 m?,178.57 °
0.5 kHz,1.5892 m?,17.9595 °;;;0.5 kHz,6.8829 m?,177.5 °;;;0.5 kHz,10.1103 m?,179.772 °;;;0.5 kHz,36.3759 m?,179.989 °;;;0.5 kHz,37.3808 m?,178.471 °
0.52 kHz,1.5566 m?,19.4479 °;;;0.52 kHz,6.9297 m?,177.285 °;;;0.52 kHz,10.1496 m?,179.818 °;;;0.52 kHz,36.3984 m?,-179.957 °;;;0.52 kHz,37.4125 m?,178.49 °
0.54 kHz,1.466 m?,21.2067 °;;;0.54 kHz,7.0205 m?,177.182 °;;;0.54 kHz,10.2084 m?,179.816 °;;;0.54 kHz,36.4062 m?,-179.951 °;;;0.54 kHz,37.4957 m?,178.358 °
0.56 kHz,1.481 m?,23.6555 °;;;0.56 kHz,7.0123 m?,177.094 °;;;0.56 kHz,10.2455 m?,179.847 °;;;0.56 kHz,36.4479 m?,-179.962 °;;;0.56 kHz,37.5448 m?,178.366 °
0.58 kHz,1.4565 m?,23.9591 °;;;0.58 kHz,7.0633 m?,177.102 °;;;0.58 kHz,10.2907 m?,179.799 °;;;0.58 kHz,36.5054 m?,-179.929 °;;;0.58 kHz,37.5311 m?,178.308 °
0.6 kHz,1.4354 m?,26.335 °;;;0.6 kHz,7.1098 m?,176.824 °;;;0.6 kHz,10.3253 m?,179.674 °;;;0.6 kHz,36.5075 m?,-179.951 °;;;0.6 kHz,37.575 m?,178.217 °
0.62 kHz,1.4181 m?,26.8382 °;;;0.62 kHz,7.1381 m?,176.983 °;;;0.62 kHz,10.3867 m?,179.678 °;;;0.62 kHz,36.5497 m?,-179.963 °;;;0.62 kHz,37.5331 m?,178.197 °
0.64 kHz,1.3993 m?,27.983 °;;;0.64 kHz,7.1832 m?,176.798 °;;;0.64 kHz,10.3844 m?,179.772 °;;;0.64 kHz,36.5355 m?,-179.933 °;;;0.64 kHz,37.6205 m?,178.124 °
0.66 kHz,1.3973 m?,28.6215 °;;;0.66 kHz,7.1978 m?,176.85 °;;;0.66 kHz,10.4278 m?,179.661 °;;;0.66 kHz,36.5397 m?,-179.93 °;;;0.66 kHz,37.6267 m?,178.119 °
0.68 kHz,1.4281 m?,31.5505 °;;;0.68 kHz,7.2049 m?,176.669 °;;;0.68 kHz,10.3918 m?,179.568 °;;;0.68 kHz,36.5438 m?,-179.911 °;;;0.68 kHz,37.618 m?,177.986 °
0.7 kHz,1.4314 m?,31.3542 °;;;0.7 kHz,7.2072 m?,176.498 °;;;0.7 kHz,10.4301 m?,179.71 °;;;0.7 kHz,36.5595 m?,-179.932 °;;;0.7 kHz,37.6093 m?,177.954 °
0.72 kHz,1.4443 m?,32.2186 °;;;0.72 kHz,7.215 m?,176.146 °;;;0.72 kHz,10.4443 m?,179.626 °;;;0.72 kHz,36.5293 m?,-179.937 °;;;0.72 kHz,37.6044 m?,177.877 °
0.74 kHz,1.3994 m?,36.8526 °;;;0.74 kHz,7.2635 m?,175.683 °;;;0.74 kHz,10.4575 m?,179.846 °;;;0.74 kHz,36.5456 m?,-179.872 °;;;0.74 kHz,37.508 m?,177.696 °
0.76 kHz,1.5553 m?,36.9386 °;;;0.76 kHz,7.2477 m?,176.605 °;;;0.76 kHz,10.5299 m?,179.446 °;;;0.76 kHz,36.5414 m?,179.955 °;;;0.76 kHz,37.6361 m?,177.584 °
0.78 kHz,1.517 m?,35.1457 °;;;0.78 kHz,7.2045 m?,175.834 °;;;0.78 kHz,10.4481 m?,179.325 °;;;0.78 kHz,36.4889 m?,-179.965 °;;;0.78 kHz,37.5396 m?,177.674 °
0.8 kHz,1.5289 m?,34.1139 °;;;0.8 kHz,7.2034 m?,175.756 °;;;0.8 kHz,10.4216 m?,179.419 °;;;0.8 kHz,36.4483 m?,-179.98 °;;;0.8 kHz,37.5618 m?,177.596 °
0.82 kHz,1.5088 m?,36.1022 °;;;0.82 kHz,7.2218 m?,175.741 °;;;0.82 kHz,10.4934 m?,179.403 °;;;0.82 kHz,36.4484 m?,179.999 °;;;0.82 kHz,37.5102 m?,177.544 °
0.84 kHz,1.5547 m?,36.5414 °;;;0.84 kHz,7.2201 m?,175.563 °;;;0.84 kHz,10.4479 m?,179.532 °;;;0.84 kHz,36.4512 m?,-179.967 °;;;0.84 kHz,37.5073 m?,177.464 °
0.86 kHz,1.5847 m?,37.8864 °;;;0.86 kHz,7.2111 m?,175.609 °;;;0.86 kHz,10.4746 m?,179.343 °;;;0.86 kHz,36.4385 m?,-179.98 °;;;0.86 kHz,37.5387 m?,177.363 °
0.88 kHz,1.5456 m?,37.8165 °;;;0.88 kHz,7.2502 m?,175.483 °;;;0.88 kHz,10.4865 m?,179.352 °;;;0.88 kHz,36.4469 m?,-179.936 °;;;0.88 kHz,37.5035 m?,177.332 °
0.9 kHz,1.5954 m?,39.207 °;;;0.9 kHz,7.2387 m?,175.482 °;;;0.9 kHz,10.4948 m?,179.451 °;;;0.9 kHz,36.43 m?,-179.934 °;;;0.9 kHz,37.5124 m?,177.316 °
0.92 kHz,1.589 m?,38.7745 °;;;0.92 kHz,7.24 m?,175.249 °;;;0.92 kHz,10.4883 m?,179.459 °;;;0.92 kHz,36.4463 m?,-179.95 °;;;0.92 kHz,37.5207 m?,177.251 °
0.94 kHz,1.6348 m?,39.6672 °;;;0.94 kHz,7.2618 m?,175.241 °;;;0.94 kHz,10.4987 m?,179.514 °;;;0.94 kHz,36.4271 m?,-179.908 °;;;0.94 kHz,37.5038 m?,177.169 °
0.96 kHz,1.6034 m?,40.8075 °;;;0.96 kHz,7.232 m?,175.136 °;;;0.96 kHz,10.5007 m?,179.581 °;;;0.96 kHz,36.422 m?,-179.918 °;;;0.96 kHz,37.5272 m?,177.133 °
0.98 kHz,1.6158 m?,40.9792 °;;;0.98 kHz,7.2257 m?,175.267 °;;;0.98 kHz,10.5046 m?,179.442 °;;;0.98 kHz,36.3945 m?,-179.927 °;;;0.98 kHz,37.4885 m?,177.114 °
1 kHz,1.5632 m?,43.1754 °;;;1 kHz,7.3646 m?,175.104 °;;;1 kHz,32.6992 m?,-179.339 °;;;1 kHz,36.411 m?,-179.861 °;;;1 kHz,37.525 m?,177.088 °
2 kHz,2.3613 m?,61.0756 °;;;2 kHz,7.3756 m?,171.235 °;;;2 kHz,32.5617 m?,-178.284 °;;;2 kHz,36.3479 m?,-179.567 °;;;2 kHz,37.5975 m?,174.312 °
3 kHz,3.3146 m?,67.2288 °;;;3 kHz,7.3365 m?,167.529 °;;;3 kHz,32.3969 m?,-177.175 °;;;3 kHz,36.2107 m?,-179.205 °;;;3 kHz,37.702 m?,171.598 °
4 kHz,4.2027 m?,75.2234 °;;;4 kHz,7.6682 m?,164.308 °;;;4 kHz,32.6814 m?,-175.879 °;;;4 kHz,36.3644 m?,-178.749 °;;;4 kHz,38.4212 m?,169.047 °
5 kHz,5.6125 m?,66.9926 °;;;5 kHz,7.0086 m?,157.651 °;;;5 kHz,31.5408 m?,-175.089 °;;;5 kHz,35.3618 m?,-178.665 °;;;5 kHz,37.6893 m?,165.895 °
6 kHz,6.3792 m?,82.3438 °;;;6 kHz,8.4455 m?,153.262 °;;;6 kHz,32.543 m?,-174.224 °;;;6 kHz,36.5798 m?,-178.576 °;;;6 kHz,39.0041 m?,163.869 °
7 kHz,7.1871 m?,78.3976 °;;;7 kHz,7.9766 m?,151.895 °;;;7 kHz,32.3273 m?,-172.574 °;;;7 kHz,36.0888 m?,-177.728 °;;;7 kHz,39.3037 m?,161.223 °
8 kHz,8.0799 m?,78.245 °;;;8 kHz,7.9023 m?,148.388 °;;;8 kHz,32.1196 m?,-171.088 °;;;8 kHz,35.6693 m?,-177.461 °;;;8 kHz,39.6621 m?,158.957 °
9 kHz,8.9381 m?,78.3836 °;;;9 kHz,8.0267 m?,146.717 °;;;9 kHz,31.8732 m?,-169.439 °;;;9 kHz,35.5918 m?,-176.728 °;;;9 kHz,40.3189 m?,156.639 °
10 kHz,9.8255 m?,79.3042 °;;;10 kHz,8.4524 m?,144.69 °;;;10 kHz,32.1863 m?,-168.297 °;;;10 kHz,35.6615 m?,-176.125 °;;;10 kHz,41.1122 m?,154.376 °
11 kHz,9.8229 m?,82.402 °;;;11 kHz,8.7178 m?,146.812 °;;;11 kHz,33.0839 m?,-165.267 °;;;11 kHz,36.119 m?,-174.346 °;;;11 kHz,42.6071 m?,153.78 °
12 kHz,10.8222 m?,83.1019 °;;;12 kHz,8.9105 m?,148.535 °;;;12 kHz,33.5537 m?,-164.494 °;;;12 kHz,36.36 m?,-173.667 °;;;12 kHz,44.1575 m?,150.724 °
13 kHz,11.899 m?,83.9758 °;;;13 kHz,9.3176 m?,142.252 °;;;13 kHz,33.2298 m?,-163.128 °;;;13 kHz,35.7347 m?,-173.095 °;;;13 kHz,43.4532 m?,148.328 °
14 kHz,12.8077 m?,82.4424 °;;;14 kHz,9.0041 m?,143.361 °;;;14 kHz,33.0726 m?,-162.542 °;;;14 kHz,35.6987 m?,-172.699 °;;;14 kHz,44.6449 m?,146.721 °
15 kHz,13.9547 m?,81.6817 °;;;15 kHz,9.761 m?,136.194 °;;;15 kHz,32.8054 m?,-160.894 °;;;15 kHz,35.2643 m?,-173.279 °;;;15 kHz,45.36 m?,144.775 °
16 kHz,14.7615 m?,82.4038 °;;;16 kHz,9.7386 m?,135.531 °;;;16 kHz,33.2347 m?,-159.507 °;;;16 kHz,35.5726 m?,-171.741 °;;;16 kHz,46.2006 m?,142.495 °
17 kHz,15.8216 m?,83.2772 °;;;17 kHz,10.1748 m?,132.131 °;;;17 kHz,33.7064 m?,-159.107 °;;;17 kHz,36.1642 m?,-172.097 °;;;17 kHz,47.5734 m?,141.937 °
18 kHz,16.5128 m?,84.8765 °;;;18 kHz,10.7167 m?,130.619 °;;;18 kHz,34.282 m?,-157.996 °;;;18 kHz,35.9834 m?,-171.698 °;;;18 kHz,48.6217 m?,140.182 °
19 kHz,17.3182 m?,84.9647 °;;;19 kHz,11.1993 m?,130.305 °;;;19 kHz,34.037 m?,-156.685 °;;;19 kHz,36.0626 m?,-170.92 °;;;19 kHz,50.804 m?,138.739 °
20 kHz,18.6604 m?,85.2587 °;;;20 kHz,12.2358 m?,128.927 °;;;20 kHz,34.7007 m?,-155.815 °;;;20 kHz,36.2535 m?,-171.243 °;;;20 kHz,52.4855 m?,137.434 °
21 kHz,19.2099 m?,85.935 °;;;21 kHz,12.2387 m?,127.926 °;;;21 kHz,35.0204 m?,-154.086 °;;;21 kHz,36.3758 m?,-170.569 °;;;21 kHz,52.7142 m?,135.505 °
22 kHz,20.1476 m?,85.862 °;;;22 kHz,11.9286 m?,126.37 °;;;22 kHz,35.2794 m?,-152.868 °;;;22 kHz,36.1216 m?,-169.922 °;;;22 kHz,54.4548 m?,134.655 °
23 kHz,21.3576 m?,85.3314 °;;;23 kHz,12.5198 m?,124.297 °;;;23 kHz,35.3406 m?,-151.218 °;;;23 kHz,36.0022 m?,-168.769 °;;;23 kHz,55.6316 m?,133.189 °
24 kHz,22.0216 m?,85.208 °;;;24 kHz,12.8175 m?,122.73 °;;;24 kHz,35.5558 m?,-149.743 °;;;24 kHz,35.7839 m?,-168.313 °;;;24 kHz,56.6974 m?,131.601 °
25 kHz,22.8952 m?,85.2 °;;;25 kHz,13.1822 m?,121.491 °;;;25 kHz,35.6981 m?,-149.196 °;;;25 kHz,35.6355 m?,-168.183 °;;;25 kHz,57.8719 m?,129.959 °
26 kHz,23.4539 m?,84.9097 °;;;26 kHz,13.5297 m?,119.953 °;;;26 kHz,36.3056 m?,-147.817 °;;;26 kHz,35.8455 m?,-167.608 °;;;26 kHz,59.2415 m?,129.708 °
27 kHz,24.4867 m?,84.9472 °;;;27 kHz,13.6201 m?,120.785 °;;;27 kHz,36.6756 m?,-147.166 °;;;27 kHz,35.8875 m?,-166.747 °;;;27 kHz,60.3225 m?,128.411 °
28 kHz,25.7039 m?,85.2769 °;;;28 kHz,14.6573 m?,121.5 °;;;28 kHz,37.3117 m?,-145.653 °;;;28 kHz,36.0878 m?,-166.221 °;;;28 kHz,62.5145 m?,127.494 °
29 kHz,26.6093 m?,85.2127 °;;;29 kHz,15.0284 m?,117.482 °;;;29 kHz,37.4425 m?,-144.967 °;;;29 kHz,35.9904 m?,-165.937 °;;;29 kHz,63.4285 m?,126.906 °
30 kHz,27.3491 m?,85.4495 °;;;30 kHz,15.6237 m?,117.494 °;;;30 kHz,37.8716 m?,-144.211 °;;;30 kHz,35.7524 m?,-166.071 °;;;30 kHz,65.5966 m?,125.267 °
31 kHz,28.1784 m?,83.884 °;;;31 kHz,14.8592 m?,117.097 °;;;31 kHz,38.7492 m?,-141.57 °;;;31 kHz,36.2793 m?,-163.489 °;;;31 kHz,66.0873 m?,125.212 °
32 kHz,28.4162 m?,85.1954 °;;;32 kHz,15.7575 m?,116.834 °;;;32 kHz,39.6887 m?,-140.351 °;;;32 kHz,36.4823 m?,-162.607 °;;;32 kHz,67.06 m?,123.935 °
33 kHz,28.6587 m?,85.1817 °;;;33 kHz,15.5368 m?,116.844 °;;;33 kHz,39.8736 m?,-139.418 °;;;33 kHz,36.5951 m?,-161.706 °;;;33 kHz,68.3041 m?,123.696 °
34 kHz,29.5118 m?,85.9238 °;;;34 kHz,15.7973 m?,115.147 °;;;34 kHz,40.6086 m?,-138.483 °;;;34 kHz,36.5424 m?,-161.009 °;;;34 kHz,69.8466 m?,122.757 °
35 kHz,30.4135 m?,86.5325 °;;;35 kHz,16.0551 m?,115.457 °;;;35 kHz,41.1987 m?,-137.177 °;;;35 kHz,36.2901 m?,-159.944 °;;;35 kHz,71.4588 m?,122.505 °
36 kHz,31.3131 m?,84.5682 °;;;36 kHz,16.5614 m?,114.929 °;;;36 kHz,41.4455 m?,-136.197 °;;;36 kHz,36.4447 m?,-159.868 °;;;36 kHz,72.8351 m?,121.329 °
37 kHz,32.0613 m?,85.2736 °;;;37 kHz,17.2449 m?,113.683 °;;;37 kHz,42.3687 m?,-135.434 °;;;37 kHz,36.6839 m?,-159.308 °;;;37 kHz,74.5788 m?,120.752 °
38 kHz,33.1768 m?,85.3124 °;;;38 kHz,17.173 m?,112.154 °;;;38 kHz,42.1812 m?,-134.522 °;;;38 kHz,36.9073 m?,-158.607 °;;;38 kHz,75.3459 m?,120.312 °
39 kHz,34.1918 m?,84.8013 °;;;39 kHz,18.0258 m?,110.899 °;;;39 kHz,42.664 m?,-133.544 °;;;39 kHz,36.519 m?,-157.981 °;;;39 kHz,77.2066 m?,119.053 °
40 kHz,34.9501 m?,84.239 °;;;40 kHz,18.2117 m?,110.438 °;;;40 kHz,43.046 m?,-132.409 °;;;40 kHz,36.1958 m?,-157.504 °;;;40 kHz,79.1586 m?,117.921 °
41 kHz,36.8422 m?,85.4748 °;;;41 kHz,19.8958 m?,112.897 °;;;41 kHz,43.4573 m?,-133.294 °;;;41 kHz,37.0189 m?,-158.135 °;;;41 kHz,82.1772 m?,117.626 °
42 kHz,38.5278 m?,87.5306 °;;;42 kHz,21.6531 m?,111.762 °;;;42 kHz,43.8097 m?,-134.32 °;;;42 kHz,37.2979 m?,-160.069 °;;;42 kHz,84.2735 m?,117.412 °
43 kHz,40.1249 m?,88.7681 °;;;43 kHz,22.7063 m?,111.862 °;;;43 kHz,44.2748 m?,-135.643 °;;;43 kHz,37.767 m?,-161.414 °;;;43 kHz,78.9989 m?,114.49 °
44 kHz,35.6798 m?,78.8385 °;;;44 kHz,24.6004 m?,112.69 °;;;44 kHz,44.5895 m?,-136.383 °;;;44 kHz,38.3621 m?,-163.026 °;;;44 kHz,81.1885 m?,114.189 °
45 kHz,37.033 m?,81.1046 °;;;45 kHz,17.42 m?,101.72 °;;;45 kHz,44.9507 m?,-137.197 °;;;45 kHz,39.0115 m?,-164.068 °;;;45 kHz,83.1174 m?,114.002 °
46 kHz,38.3692 m?,82.095 °;;;46 kHz,18.3921 m?,103.704 °;;;46 kHz,45.1495 m?,-137.609 °;;;46 kHz,39.0922 m?,-165.498 °;;;46 kHz,86.0346 m?,113.968 °
47 kHz,39.7963 m?,83.6327 °;;;47 kHz,19.8374 m?,104.509 °;;;47 kHz,47.1343 m?,-126.582 °;;;47 kHz,36.349 m?,-151.405 °;;;47 kHz,88.6503 m?,113.785 °
48 kHz,41.1078 m?,84.2935 °;;;48 kHz,20.7706 m?,105.361 °;;;48 kHz,47.8408 m?,-126.595 °;;;48 kHz,36.9935 m?,-152.937 °;;;48 kHz,90.196 m?,113.354 °
49 kHz,43.0515 m?,85.2679 °;;;49 kHz,21.8806 m?,105.831 °;;;49 kHz,48.2531 m?,-126.734 °;;;49 kHz,37.0866 m?,-153.39 °;;;49 kHz,93.0404 m?,113.155 °
50 kHz,44.3333 m?,86.0809 °;;;50 kHz,23.3176 m?,106.609 °;;;50 kHz,48.3369 m?,-127.479 °;;;50 kHz,37.4632 m?,-154.284 °;;;50 kHz,95.4929 m?,112.725 °
51 kHz,45.1249 m?,85.9633 °;;;51 kHz,23.5108 m?,104.861 °;;;51 kHz,48.8808 m?,-126.104 °;;;51 kHz,37.6817 m?,-154.173 °;;;51 kHz,96.716 m?,112.489 °
52 kHz,46.6251 m?,86.1149 °;;;52 kHz,24.1258 m?,104.812 °;;;52 kHz,49.6862 m?,-126.647 °;;;52 kHz,37.7404 m?,-153.443 °;;;52 kHz,99.2674 m?,112.142 °
53 kHz,47.158 m?,86.4968 °;;;53 kHz,24.9316 m?,106.566 °;;;53 kHz,50.7571 m?,-126.265 °;;;53 kHz,37.8287 m?,-153.391 °;;;53 kHz,101.545 m?,111.201 °
54 kHz,48.2799 m?,87.1487 °;;;54 kHz,24.8968 m?,104.661 °;;;54 kHz,50.4684 m?,-125.96 °;;;54 kHz,37.6652 m?,-152.555 °;;;54 kHz,102.208 m?,111.472 °
55 kHz,49.1011 m?,86.697 °;;;55 kHz,24.8788 m?,104.861 °;;;55 kHz,50.8705 m?,-124.873 °;;;55 kHz,37.9142 m?,-152.703 °;;;55 kHz,104.165 m?,111.059 °
56 kHz,49.8204 m?,86.3413 °;;;56 kHz,26.241 m?,104.87 °;;;56 kHz,51.6742 m?,-124.156 °;;;56 kHz,38.2309 m?,-152.076 °;;;56 kHz,105.952 m?,110.672 °
57 kHz,50.3093 m?,85.9987 °;;;57 kHz,27.0205 m?,103.598 °;;;57 kHz,52.4895 m?,-123.901 °;;;57 kHz,38.2784 m?,-151.384 °;;;57 kHz,107.414 m?,110.229 °
58 kHz,51.4501 m?,86.2924 °;;;58 kHz,26.9845 m?,103.56 °;;;58 kHz,53.1359 m?,-123.234 °;;;58 kHz,38.3337 m?,-150.972 °;;;58 kHz,109.376 m?,109.827 °
59 kHz,52.5194 m?,86.2468 °;;;59 kHz,27.6838 m?,103.1 °;;;59 kHz,53.567 m?,-122.89 °;;;59 kHz,38.4857 m?,-150.312 °;;;59 kHz,110.554 m?,109.367 °
60 kHz,53.43 m?,86.2212 °;;;60 kHz,27.8815 m?,102.334 °;;;60 kHz,54.1323 m?,-122.073 °;;;60 kHz,38.4209 m?,-149.644 °;;;60 kHz,112.631 m?,109.075 °
61 kHz,54.5036 m?,86.2478 °;;;61 kHz,28.0924 m?,102.82 °;;;61 kHz,54.8469 m?,-121.927 °;;;61 kHz,38.5393 m?,-149.676 °;;;61 kHz,114.138 m?,108.783 °
62 kHz,55.1753 m?,86.2973 °;;;62 kHz,28.832 m?,103.251 °;;;62 kHz,55.6588 m?,-121.552 °;;;62 kHz,38.7901 m?,-149.07 °;;;62 kHz,115.989 m?,108.556 °
63 kHz,56.0733 m?,86.5321 °;;;63 kHz,29.6209 m?,103.496 °;;;63 kHz,56.6882 m?,-121.244 °;;;63 kHz,39.0702 m?,-148.782 °;;;63 kHz,117.721 m?,108.282 °
64 kHz,57.2554 m?,87.1659 °;;;64 kHz,29.6638 m?,103.101 °;;;64 kHz,57.1945 m?,-120.829 °;;;64 kHz,39.5417 m?,-148.614 °;;;64 kHz,119.661 m?,108.321 °
65 kHz,57.7391 m?,86.9107 °;;;65 kHz,30.29 m?,102.919 °;;;65 kHz,58.183 m?,-120.415 °;;;65 kHz,39.9031 m?,-148.027 °;;;65 kHz,121.29 m?,108.175 °
66 kHz,58.7282 m?,87.2009 °;;;66 kHz,30.8766 m?,102.452 °;;;66 kHz,58.6936 m?,-120.11 °;;;66 kHz,40.1809 m?,-147.95 °;;;66 kHz,122.87 m?,107.888 °
67 kHz,59.5541 m?,87.186 °;;;67 kHz,31.3421 m?,102.931 °;;;67 kHz,59.4513 m?,-119.815 °;;;67 kHz,40.2818 m?,-147.43 °;;;67 kHz,124.545 m?,107.732 °
68 kHz,60.6248 m?,87.6174 °;;;68 kHz,31.6632 m?,102.908 °;;;68 kHz,60.0171 m?,-119.703 °;;;68 kHz,40.474 m?,-147.059 °;;;68 kHz,126.182 m?,107.279 °
69 kHz,60.9811 m?,87.3885 °;;;69 kHz,31.9766 m?,102.579 °;;;69 kHz,60.9615 m?,-118.902 °;;;69 kHz,40.7027 m?,-146.51 °;;;69 kHz,128.031 m?,107.246 °
70 kHz,61.9584 m?,87.4441 °;;;70 kHz,32.3667 m?,102.258 °;;;70 kHz,61.5411 m?,-118.639 °;;;70 kHz,41.0224 m?,-146.065 °;;;70 kHz,129.711 m?,107.014 °
71 kHz,63.0472 m?,87.2263 °;;;71 kHz,33.0194 m?,102.707 °;;;71 kHz,62.2445 m?,-118.507 °;;;71 kHz,41.071 m?,-145.346 °;;;71 kHz,130.97 m?,106.864 °
72 kHz,63.8822 m?,87.4505 °;;;72 kHz,33.2277 m?,102.026 °;;;72 kHz,63.1114 m?,-117.951 °;;;72 kHz,41.4924 m?,-145.112 °;;;72 kHz,133.108 m?,106.501 °
73 kHz,64.4921 m?,87.502 °;;;73 kHz,33.5265 m?,102.246 °;;;73 kHz,63.603 m?,-117.488 °;;;73 kHz,41.6648 m?,-144.361 °;;;73 kHz,134.249 m?,106.247 °
74 kHz,65.399 m?,87.4182 °;;;74 kHz,33.8625 m?,102.127 °;;;74 kHz,64.5863 m?,-117.174 °;;;74 kHz,42.0618 m?,-144.202 °;;;74 kHz,136.503 m?,106.08 °
75 kHz,66.1756 m?,87.5128 °;;;75 kHz,34.4506 m?,101.601 °;;;75 kHz,65.3136 m?,-116.619 °;;;75 kHz,42.4655 m?,-143.346 °;;;75 kHz,137.782 m?,105.99 °
76 kHz,67.1346 m?,87.3482 °;;;76 kHz,34.7936 m?,101.739 °;;;76 kHz,66.1509 m?,-116.368 °;;;76 kHz,42.156 m?,-142.909 °;;;76 kHz,139.466 m?,105.708 °
77 kHz,67.7715 m?,87.3582 °;;;77 kHz,35.2354 m?,101.532 °;;;77 kHz,66.8901 m?,-116.02 °;;;77 kHz,42.5762 m?,-142.424 °;;;77 kHz,140.788 m?,105.412 °
78 kHz,68.4753 m?,87.2357 °;;;78 kHz,35.3663 m?,100.919 °;;;78 kHz,67.5345 m?,-115.477 °;;;78 kHz,42.7102 m?,-141.908 °;;;78 kHz,142.154 m?,105.271 °
79 kHz,69.0372 m?,87.2547 °;;;79 kHz,35.5587 m?,101.487 °;;;79 kHz,68.5495 m?,-114.868 °;;;79 kHz,42.7914 m?,-141.416 °;;;79 kHz,144.461 m?,105.21 °
80 kHz,70.0068 m?,87.2601 °;;;80 kHz,35.8429 m?,100.378 °;;;80 kHz,69.0788 m?,-114.572 °;;;80 kHz,43.2079 m?,-140.721 °;;;80 kHz,145.364 m?,104.891 °
81 kHz,71.2421 m?,87.3789 °;;;81 kHz,36.5486 m?,101.008 °;;;81 kHz,69.9166 m?,-114.377 °;;;81 kHz,43.382 m?,-140.666 °;;;81 kHz,147.583 m?,104.734 °
82 kHz,72.0787 m?,87.4481 °;;;82 kHz,36.8793 m?,100.751 °;;;82 kHz,70.4012 m?,-114.184 °;;;82 kHz,43.5304 m?,-140.394 °;;;82 kHz,149.535 m?,104.576 °
83 kHz,73.1062 m?,87.3958 °;;;83 kHz,37.4489 m?,100.627 °;;;83 kHz,71.1135 m?,-114.044 °;;;83 kHz,43.6681 m?,-140.031 °;;;83 kHz,150.936 m?,104.449 °
84 kHz,73.8579 m?,87.5275 °;;;84 kHz,38.2585 m?,101.085 °;;;84 kHz,71.5994 m?,-114.017 °;;;84 kHz,43.8936 m?,-140.08 °;;;84 kHz,152.773 m?,104.291 °
85 kHz,74.6462 m?,87.5986 °;;;85 kHz,38.6237 m?,100.517 °;;;85 kHz,72.5575 m?,-113.654 °;;;85 kHz,44.1258 m?,-139.352 °;;;85 kHz,155.166 m?,104.072 °
86 kHz,75.8383 m?,87.6093 °;;;86 kHz,38.9319 m?,100.26 °;;;86 kHz,73.2112 m?,-113.271 °;;;86 kHz,44.2924 m?,-139.309 °;;;86 kHz,156.413 m?,103.923 °
87 kHz,76.6103 m?,87.5373 °;;;87 kHz,39.5343 m?,100.352 °;;;87 kHz,73.8743 m?,-113.115 °;;;87 kHz,44.5194 m?,-139.045 °;;;87 kHz,158.745 m?,103.593 °
88 kHz,77.3699 m?,87.5745 °;;;88 kHz,40.2789 m?,100.217 °;;;88 kHz,74.371 m?,-112.931 °;;;88 kHz,44.802 m?,-138.871 °;;;88 kHz,160.079 m?,103.621 °
89 kHz,78.5958 m?,87.7385 °;;;89 kHz,40.6421 m?,99.8092 °;;;89 kHz,75.1316 m?,-112.616 °;;;89 kHz,44.9607 m?,-138.629 °;;;89 kHz,162.103 m?,103.494 °
90 kHz,79.6275 m?,87.5764 °;;;90 kHz,41.0439 m?,99.8871 °;;;90 kHz,75.8726 m?,-112.334 °;;;90 kHz,45.0826 m?,-138.249 °;;;90 kHz,163.549 m?,103.354 °
91 kHz,80.4184 m?,87.7968 °;;;91 kHz,41.5311 m?,99.8489 °;;;91 kHz,76.7758 m?,-111.928 °;;;91 kHz,45.5447 m?,-137.925 °;;;91 kHz,165.422 m?,103.145 °
92 kHz,81.4147 m?,87.6588 °;;;92 kHz,41.9792 m?,99.7295 °;;;92 kHz,77.2403 m?,-111.783 °;;;92 kHz,45.3644 m?,-137.62 °;;;92 kHz,167.103 m?,103.017 °
93 kHz,82.1413 m?,87.5507 °;;;93 kHz,42.6075 m?,99.5114 °;;;93 kHz,77.9404 m?,-111.597 °;;;93 kHz,45.694 m?,-137.13 °;;;93 kHz,168.935 m?,102.903 °
94 kHz,83.0235 m?,87.6699 °;;;94 kHz,42.7654 m?,99.4887 °;;;94 kHz,78.5553 m?,-111.442 °;;;94 kHz,46.0005 m?,-136.863 °;;;94 kHz,170.351 m?,102.793 °
95 kHz,83.9326 m?,87.5848 °;;;95 kHz,43.3696 m?,99.1176 °;;;95 kHz,79.0907 m?,-110.96 °;;;95 kHz,46.1529 m?,-136.697 °;;;95 kHz,172.34 m?,102.652 °
96 kHz,84.8368 m?,87.6217 °;;;96 kHz,43.6564 m?,98.9821 °;;;96 kHz,80.0504 m?,-110.89 °;;;96 kHz,46.2035 m?,-136.128 °;;;96 kHz,173.95 m?,102.514 °
97 kHz,85.6262 m?,87.4186 °;;;97 kHz,44.2419 m?,98.7303 °;;;97 kHz,80.9831 m?,-110.567 °;;;97 kHz,46.4758 m?,-135.588 °;;;97 kHz,175.851 m?,102.334 °
98 kHz,86.4253 m?,87.5666 °;;;98 kHz,44.5723 m?,98.6341 °;;;98 kHz,81.5548 m?,-110.278 °;;;98 kHz,46.6649 m?,-135.388 °;;;98 kHz,177.121 m?,102.145 °
99 kHz,87.2728 m?,87.4322 °;;;99 kHz,44.9158 m?,98.5901 °;;;99 kHz,82.5069 m?,-109.936 °;;;99 kHz,47.0089 m?,-134.89 °;;;99 kHz,178.956 m?,102.19 °
100 kHz,88.1564 m?,87.4241 °;;;100 kHz,45.4012 m?,98.2079 °;;;100 kHz,83.1557 m?,-109.716 °;;;100 kHz,47.1964 m?,-134.441 °;;;100 kHz,180.711 m?,101.955 °
200 kHz,172.146 m?,87.6538 °;;;200 kHz,87.8973 m?,93.1581 °;;;200 kHz,162.743 m?,-98.7765 °;;;200 kHz,76.4162 m?,-113.516 °;;;200 kHz,355.334 m?,96.053 °
300 kHz,253.228 m?,88.0416 °;;;300 kHz,128.423 m?,92.0356 °;;;300 kHz,247.532 m?,-95.053 °;;;300 kHz,111.518 m?,-105.48 °;;;300 kHz,528.159 m?,93.9036 °
400 kHz,334.725 m?,88.3571 °;;;400 kHz,171.039 m?,91.5845 °;;;400 kHz,329.841 m?,-93.5418 °;;;400 kHz,145.963 m?,-101.146 °;;;400 kHz,701.707 m?,92.8971 °
500 kHz,411.344 m?,88.1457 °;;;500 kHz,207.069 m?,90.6845 °;;;500 kHz,418.677 m?,-92.3722 °;;;500 kHz,187.356 m?,-97.5171 °;;;500 kHz,868.818 m?,92.067 °
600 kHz,485.258 m?,88.3162 °;;;600 kHz,241.487 m?,90.3011 °;;;600 kHz,508.796 m?,-91.8026 °;;;600 kHz,230.58 m?,-95.787 °;;;600 kHz,1.0353 ?,91.6512 °
700 kHz,563.823 m?,88.6873 °;;;700 kHz,281.256 m?,90.4274 °;;;700 kHz,594.373 m?,-91.4295 °;;;700 kHz,269.402 m?,-94.5201 °;;;700 kHz,1.2048 ?,91.4116 °
800 kHz,622.471 m?,88.5931 °;;;800 kHz,299.849 m?,90.0864 °;;;800 kHz,699.501 m?,-90.8925 °;;;800 kHz,327.605 m?,-93.1486 °;;;800 kHz,1.3518 ?,91.1482 °
900 kHz,695.198 m?,88.7175 °;;;900 kHz,333.346 m?,89.8394 °;;;900 kHz,788.645 m?,-90.5733 °;;;900 kHz,371.252 m?,-92.2726 °;;;900 kHz,1.514 ?,91.0236 °
